<beans xmlns="http://www.springframework.org/schema/beans"
    xmlns:xsi="http://www.w3.org/2001/XMLSchema-instance" xmlns:context="http://www.springframework.org/schema/context"
    xmlns:mvc="http://www.springframework.org/schema/mvc"
    xsi:schemaLocation="http://www.springframework.org/schema/beans http://www.springframework.org/schema/beans/spring-beans.xsd
    http://www.springframework.org/schema/context http://www.springframework.org/schema/context/spring-context.xsd
    http://www.springframework.org/schema/mvc http://www.springframework.org/schema/mvc/spring-mvc.xsd">
 

    <context:component-scan base-package="com.training" />
 
    <mvc:annotation-driven />
     
    
    
 	<!-- Initialization for data source -->
   <bean id="dataSource" 
      class="org.springframework.jdbc.datasource.DriverManagerDataSource">
      <property name="driverClassName" value="oracle.jdbc.driver.OracleDriver"/>
      <property name="url" value="jdbc:oracle:thin:@10.232.71.29:1521:INATP02"/>
      <property name="username" value="shobana"/>
      <property name="password" value="shobana"/>
   </bean>

   <!-- Definition for studentJDBCTemplate bean -->
   <bean id="std" 
      class="com.training.EmployeeDAO">
      <property name="dataSource"  ref="dataSource" />    
   </bean>
   
   
   <bean id="pat" 
      class="com.training.Employee">
     
   </bean>
 
</beans>